{
  "type": "FeatureCollection",
  "features": [
    {
      "id": "1",
      "type": "Feature",
      "geometry": {
        "type": "Point",
        "coordinates": [
          -77.034084142948,
          38.909671288923
        ]
      },
      "properties": {
        "name": "Place 1",
        "phoneFormatted": "(202) 234-7336",
        "addressFormatted": "33 Birchwood Drive",
        "hoursFormatted": "10 AM - 9 PM"
      }
    },
    {
      "id": "2",
      "type": "Feature",
      "geometry": {
        "type": "Point",
        "coordinates": [
          -77.049766,
          38.900772
        ]
      },
      "properties": {
        "name": "Place 2",
        "phoneFormatted": "(202) 234-7336",
        "addressFormatted": "33 Birchwood Drive",
        "hoursFormatted": "11 AM - 9 PM"
      }
    },
    {
      "id": "3",
      "type": "Feature",
      "geometry": {
        "type": "Point",
        "coordinates": [
          -77.043929,
          38.910525
        ]
      },
      "properties": {
        "name": "Place 3",
        "phoneFormatted": "(202) 234-7336",
        "addressFormatted": "33 Birchwood Drive",
        "hoursFormatted": "9 AM - 9 PM"
      }
    },
    {
      "id": "4",
      "type": "Feature",
      "geometry": {
        "type": "Point",
        "coordinates": [
          -77.0672,
          38.90516896
        ]
      },
      "properties": {
        "name": "Place 4",
        "phoneFormatted": "(202) 234-7336",
        "addressFormatted": "33 Birchwood Drive",
        "hoursFormatted": "12 AM - 6 PM"
      }
    },
    {
      "id": "5",
      "type": "Feature",
      "geometry": {
        "type": "Point",
        "coordinates": [
          -77.002583742142,
          38.887041080933
        ]
      },
      "properties": {
        "name": "Place 4",
        "phoneFormatted": "(202) 234-7336",
        "addressFormatted": "33 Birchwood Drive",
        "hoursFormatted": "11 AM - 9 PM"
      }
    },
    {
      "id": "6",
      "type": "Feature",
      "geometry": {
        "type": "Point",
        "coordinates": [
          -76.933492720127,
          38.99225245786
        ]
      },
      "properties": {
        "name": "Place 5",
        "phoneFormatted": "(202) 234-7336",
        "addressFormatted": "33 Birchwood Drive",
        "hoursFormatted": "10 AM - 9 PM"
      }
    },
    {
      "id": "7",
      "type": "Feature",
      "geometry": {
        "type": "Point",
        "coordinates": [
          -77.097083330154,
          38.980979
        ]
      },
      "properties": {
        "name": "Place 6",
        "phoneFormatted": "(202) 234-7336",
        "addressFormatted": "33 Birchwood Drive",
        "hoursFormatted": "11 AM - 9 PM"
      }
    },
    {
      "id": "8",
      "type": "Feature",
      "geometry": {
        "type": "Point",
        "coordinates": [
          -77.359425054188,
          38.958058116661
        ]
      },
      "properties": {
        "name": "Place 6",
        "phoneFormatted": "(202) 234-7336",
        "addressFormatted": "33 Birchwood Drive",
        "hoursFormatted": "6 AM - 9 PM"
      }
    },
    {
      "id": "9",
      "type": "Feature",
      "geometry": {
        "type": "Point",
        "coordinates": [
          -77.10853099823,
          38.880100922392
        ]
      },
      "properties": {
        "name": "Place 7",
        "phoneFormatted": "(202) 234-7336",
        "addressFormatted": "33 Birchwood Drive",
        "hoursFormatted": "7 AM - 8 PM"
      }
    },
    {
      "id": "10",
      "type": "Feature",
      "geometry": {
        "type": "Point",
        "coordinates": [
          -75.28784,
          40.008008
        ]
      },
      "properties": {
        "name": "Place 8",
        "phoneFormatted": "(202) 234-7336",
        "addressFormatted": "33 Birchwood Drive",
        "hoursFormatted": "8 AM - 9 PM"
      }
    },
    {
      "id": "11",
      "type": "Feature",
      "geometry": {
        "type": "Point",
        "coordinates": [
          -75.20121216774,
          39.954030175164
        ]
      },
      "properties": {
        "name": "Place 9",
        "phoneFormatted": "(202) 234-7336",
        "addressFormatted": "33 Birchwood Drive",
        "hoursFormatted": "11 AM - 9 PM"
      }
    },
    {
      "id": "12",
      "type": "Feature",
      "geometry": {
        "type": "Point",
        "coordinates": [
          -77.043959498405,
          38.903883387232
        ]
      },
      "properties": {
        "name": "Place 10",
        "phoneFormatted": "(202) 234-7336",
        "addressFormatted": "33 Birchwood Drive",
        "hoursFormatted": "8 AM - 10 PM"
      }
    }
  ]
}
